<?xml version="1.0" encoding="UTF-8"?>
<!DOCTYPE faces-config PUBLIC "-//Sun Microsystems, Inc.//DTD JavaServer Faces Config 1.0//EN" "http://java.sun.com/dtd/web-facesconfig_1_0.dtd">
<faces-config xmlns="http://java.sun.com/JSF/Configuration">
  <application>
    <message-bundle>ptrackResources</message-bundle>
    <locale-config>
      <default-locale>en</default-locale>
      <supported-locale>en</supported-locale>
      <supported-locale>ru</supported-locale>
    </locale-config>
  </application>
  <converter>
    <converter-id>ArtifactType</converter-id>
    <converter-class>org.jia.ptrack.web.ArtifactTypeConverter</converter-class>
  </converter>
  <converter>
    <converter-id>ProjectType</converter-id>
    <converter-class>org.jia.ptrack.web.ProjectTypeConverter</converter-class>
  </converter>
  <managed-bean>
    <description>Used for logging and logging out.</description>
    <managed-bean-name>authenticationBean</managed-bean-name>
    <managed-bean-class>org.jia.ptrack.web.AuthenticationBean</managed-bean-class>
    <managed-bean-scope>session</managed-bean-scope>
    <managed-property>
      <property-name>projectCoordinator</property-name>
      <value>#{applicationScope.projectCoordinator}</value>
    </managed-property>
    <managed-property>
      <property-name>statusCoordinator</property-name>
      <value>#{applicationScope.statusCoordinator}</value>
    </managed-property>
    <managed-property>
      <property-name>userCoordinator</property-name>
      <value>#{applicationScope.userCoordinator}</value>
    </managed-property>
  </managed-bean>
  <managed-bean>
    <managed-bean-name>selectItems</managed-bean-name>
    <managed-bean-class>org.jia.ptrack.web.EnumItemAdapter</managed-bean-class>
    <managed-bean-scope>application</managed-bean-scope>
  </managed-bean>
  <managed-bean>
    <description>Pages through history list.</description>
    <managed-bean-name>showHistoryBean</managed-bean-name>
    <managed-bean-class>org.jia.ptrack.web.ShowHistoryBean</managed-bean-class>
    <managed-bean-scope>request</managed-bean-scope>
    <managed-property>
      <property-name>rowsPerPage</property-name>
      <value>3</value>
    </managed-property>
    <managed-property>
      <property-name>visit</property-name>
      <value>#{sessionScope.visit}</value>
    </managed-property>
    <managed-property>
      <property-name>projectCoordinator</property-name>
      <value>#{applicationScope.projectCoordinator}</value>
    </managed-property>
    <managed-property>
      <property-name>statusCoordinator</property-name>
      <value>#{applicationScope.statusCoordinator}</value>
    </managed-property>
    <managed-property>
      <property-name>userCoordinator</property-name>
      <value>#{applicationScope.userCoordinator}</value>
    </managed-property>
  </managed-bean>
  <managed-bean>
    <description>Lists projects in the user's inbox and allows them to select
      one for approval, rejection, or details.</description>
    <managed-bean-name>inboxBean</managed-bean-name>
    <managed-bean-class>org.jia.ptrack.web.SelectProjectBean</managed-bean-class>
    <managed-bean-scope>request</managed-bean-scope>
    <managed-property>
      <property-name>visit</property-name>
      <value>#{sessionScope.visit}</value>
    </managed-property>
    <managed-property>
      <property-name>projectCoordinator</property-name>
      <value>#{applicationScope.projectCoordinator}</value>
    </managed-property>
    <managed-property>
      <property-name>statusCoordinator</property-name>
      <value>#{applicationScope.statusCoordinator}</value>
    </managed-property>
    <managed-property>
      <property-name>userCoordinator</property-name>
      <value>#{applicationScope.userCoordinator}</value>
    </managed-property>
  </managed-bean>
  <managed-bean>
    <description>Lists projects in the user's inbox and allows them to select
      one for approval, rejection, or details. This version uses a JDBC ResultSet.</description>
    <managed-bean-name>inboxResultSetBean</managed-bean-name>
    <managed-bean-class>org.jia.ptrack.web.SelectProjectResultSetBean</managed-bean-class>
    <managed-bean-scope>request</managed-bean-scope>
    <managed-property>
      <property-name>visit</property-name>
      <value>#{sessionScope.visit}</value>
    </managed-property>
    <managed-property>
      <property-name>projectCoordinator</property-name>
      <value>#{applicationScope.projectCoordinator}</value>
    </managed-property>
    <managed-property>
      <property-name>statusCoordinator</property-name>
      <value>#{applicationScope.statusCoordinator}</value>
    </managed-property>
    <managed-property>
      <property-name>userCoordinator</property-name>
      <value>#{applicationScope.userCoordinator}</value>
    </managed-property>
  </managed-bean>
  <managed-bean>
    <description>Lists all projects and allows the user to select
      one and view its details.</description>
    <managed-bean-name>showAllBean</managed-bean-name>
    <managed-bean-class>org.jia.ptrack.web.SelectProjectBean</managed-bean-class>
    <managed-bean-scope>request</managed-bean-scope>
    <managed-property>
      <property-name>visit</property-name>
      <value>#{sessionScope.visit}</value>
    </managed-property>
    <managed-property>
      <property-name>projectCoordinator</property-name>
      <value>#{applicationScope.projectCoordinator}</value>
    </managed-property>
    <managed-property>
      <property-name>statusCoordinator</property-name>
      <value>#{applicationScope.statusCoordinator}</value>
    </managed-property>
    <managed-property>
      <property-name>userCoordinator</property-name>
      <value>#{applicationScope.userCoordinator}</value>
    </managed-property>
  </managed-bean>
  <managed-bean>
    <description>Approves or rejects the current Project.</description>
    <managed-bean-name>updateProjectBean</managed-bean-name>
    <managed-bean-class>org.jia.ptrack.web.UpdateProjectBean</managed-bean-class>
    <managed-bean-scope>request</managed-bean-scope>
    <managed-property>
      <property-name>visit</property-name>
      <value>#{sessionScope.visit}</value>
    </managed-property>
    <managed-property>
      <property-name>projectCoordinator</property-name>
      <value>#{applicationScope.projectCoordinator}</value>
    </managed-property>
    <managed-property>
      <property-name>statusCoordinator</property-name>
      <value>#{applicationScope.statusCoordinator}</value>
    </managed-property>
    <managed-property>
      <property-name>userCoordinator</property-name>
      <value>#{applicationScope.userCoordinator}</value>
    </managed-property>
  </managed-bean>
  <managed-bean>
    <description>Creates and adds a new Project to the data store.</description>
    <managed-bean-name>createProjectBean</managed-bean-name>
    <managed-bean-class>org.jia.ptrack.web.CreateProjectBean</managed-bean-class>
    <managed-bean-scope>request</managed-bean-scope>
    <managed-property>
      <property-name>visit</property-name>
      <value>#{sessionScope.visit}</value>
    </managed-property>
    <managed-property>
      <property-name>projectCoordinator</property-name>
      <value>#{applicationScope.projectCoordinator}</value>
    </managed-property>
    <managed-property>
      <property-name>statusCoordinator</property-name>
      <value>#{applicationScope.statusCoordinator}</value>
    </managed-property>
    <managed-property>
      <property-name>userCoordinator</property-name>
      <value>#{applicationScope.userCoordinator}</value>
    </managed-property>
  </managed-bean>
  <navigation-rule>
    <from-view-id>/login.jsp</from-view-id>
    <navigation-case>
      <from-outcome>success_readonly</from-outcome>
      <to-view-id>/general/show_all.jsp</to-view-id>
    </navigation-case>
    <navigation-case>
      <from-outcome>success_readwrite</from-outcome>
      <to-view-id>/protected/inbox.jsp</to-view-id>
    </navigation-case>
    <navigation-case>
      <from-outcome>failure</from-outcome>
      <to-view-id>/login.jsp</to-view-id>
    </navigation-case>
  </navigation-rule>
  <navigation-rule>
    <description>Navigation for the toolbar.</description>
    <from-view-id>*</from-view-id>
    <navigation-case>
      <from-outcome>inbox</from-outcome>
      <to-view-id>/protected/inbox.jsp</to-view-id>
    </navigation-case>
    <navigation-case>
      <description>Inbox page for JDBC ResultSet example</description>
      <from-outcome>inbox_resultset</from-outcome>
      <to-view-id>/protected/inbox_resultset.jsp</to-view-id>
    </navigation-case>
    <navigation-case>
      <from-outcome>show_all</from-outcome>
      <to-view-id>/general/show_all.jsp</to-view-id>
    </navigation-case>
    <navigation-case>
      <from-action>#{createProjectBean.create}</from-action>
      <from-outcome>success</from-outcome>
      <to-view-id>/protected/edit/create.jsp</to-view-id>
    </navigation-case>
    <navigation-case>
      <from-action>#{authenticationBean.logout}</from-action>
      <from-outcome>success</from-outcome>
      <to-view-id>/login.jsp</to-view-id>
    </navigation-case>
    <navigation-case>
      <from-outcome>error</from-outcome>
      <to-view-id>/error.jsp</to-view-id>
    </navigation-case>
  </navigation-rule>
  <navigation-rule>
    <from-view-id>/protected/inbox.jsp</from-view-id>
    <navigation-case>
      <from-action>#{inboxBean.details}</from-action>
      <from-outcome>success</from-outcome>
      <to-view-id>/general/details.jsp</to-view-id>
    </navigation-case>
    <navigation-case>
      <from-action>#{inboxBean.approve}</from-action>
      <from-outcome>success</from-outcome>
      <to-view-id>/protected/approve.jsp</to-view-id>
    </navigation-case>
    <navigation-case>
      <from-action>#{inboxBean.reject}</from-action>
      <from-outcome>success</from-outcome>
      <to-view-id>/protected/reject.jsp</to-view-id>
    </navigation-case>
  </navigation-rule>
  <navigation-rule>
    <from-view-id>/protected/inbox_resultset.jsp</from-view-id>
    <navigation-case>
      <from-action>#{inboxResultSetBean.details}</from-action>
      <from-outcome>success</from-outcome>
      <to-view-id>/general/details.jsp</to-view-id>
    </navigation-case>
    <navigation-case>
      <from-action>#{inboxResultSetBean.approve}</from-action>
      <from-outcome>success</from-outcome>
      <to-view-id>/protected/approve.jsp</to-view-id>
    </navigation-case>
    <navigation-case>
      <from-action>#{inboxResultSetBean.reject}</from-action>
      <from-outcome>success</from-outcome>
      <to-view-id>/protected/reject.jsp</to-view-id>
    </navigation-case>
  </navigation-rule>
  <navigation-rule>
    <from-view-id>/general/show_all.jsp</from-view-id>
    <navigation-case>
      <from-action>#{showAllBean.details}</from-action>
      <from-outcome>success</from-outcome>
      <to-view-id>/general/details.jsp</to-view-id>
    </navigation-case>
  </navigation-rule>
  <navigation-rule>
    <from-view-id>/general/details.jsp</from-view-id>
    <navigation-case>
      <from-outcome>cancel_readonly</from-outcome>
      <to-view-id>/general/show_all.jsp</to-view-id>
    </navigation-case>
    <navigation-case>
      <from-outcome>cancel_readwrite</from-outcome>
      <to-view-id>/protected/inbox.jsp</to-view-id>
    </navigation-case>
  </navigation-rule>
  <navigation-rule>
    <from-view-id>/protected/edit/create.jsp</from-view-id>
    <navigation-case>
      <from-outcome>failure</from-outcome>
      <to-view-id>/protected/edit/create.jsp</to-view-id>
    </navigation-case>
    <navigation-case>
      <from-outcome>success_readonly</from-outcome>
      <to-view-id>/general/show_all.jsp</to-view-id>
    </navigation-case>
    <navigation-case>
      <from-outcome>success_readwrite</from-outcome>
      <to-view-id>/protected/inbox.jsp</to-view-id>
    </navigation-case>
    <navigation-case>
      <from-outcome>cancel_readonly</from-outcome>
      <to-view-id>/general/show_all.jsp</to-view-id>
    </navigation-case>
    <navigation-case>
      <from-outcome>cancel_readwrite</from-outcome>
      <to-view-id>/protected/inbox.jsp</to-view-id>
    </navigation-case>
  </navigation-rule>
  <navigation-rule>
    <from-view-id>/protected/reject.jsp</from-view-id>
    <navigation-case>
      <from-outcome>success_readonly</from-outcome>
      <to-view-id>/general/show_all.jsp</to-view-id>
    </navigation-case>
    <navigation-case>
      <from-outcome>success_readwrite</from-outcome>
      <to-view-id>/protected/inbox.jsp</to-view-id>
    </navigation-case>
    <navigation-case>
      <from-outcome>failure</from-outcome>
      <to-view-id>/protected/reject.jsp</to-view-id>
    </navigation-case>
    <navigation-case>
      <from-outcome>cancel_readonly</from-outcome>
      <to-view-id>/general/show_all.jsp</to-view-id>
    </navigation-case>
    <navigation-case>
      <from-outcome>cancel_readwrite</from-outcome>
      <to-view-id>/protected/inbox.jsp</to-view-id>
    </navigation-case>
  </navigation-rule>
  <navigation-rule>
    <from-view-id>/protected/approve.jsp</from-view-id>
    <navigation-case>
      <from-outcome>success_readonly</from-outcome>
      <to-view-id>/general/show_all.jsp</to-view-id>
    </navigation-case>
    <navigation-case>
      <from-outcome>success_readwrite</from-outcome>
      <to-view-id>/protected/inbox.jsp</to-view-id>
    </navigation-case>
    <navigation-case>
      <from-outcome>failure</from-outcome>
      <to-view-id>/protected/approve.jsp</to-view-id>
    </navigation-case>
    <navigation-case>
      <from-outcome>cancel_readonly</from-outcome>
      <to-view-id>/general/show_all.jsp</to-view-id>
    </navigation-case>
    <navigation-case>
      <from-outcome>cancel_readwrite</from-outcome>
      <to-view-id>/protected/inbox.jsp</to-view-id>
    </navigation-case>
  </navigation-rule>
  <referenced-bean>
    <referenced-bean-name>user</referenced-bean-name>
    <referenced-bean-class>org.jia.ptrack.domain.User</referenced-bean-class>
  </referenced-bean>
  <referenced-bean>
    <referenced-bean-name>statusCoordinator</referenced-bean-name>
    <referenced-bean-class>org.jia.ptrack.domain.MemoryStatusCoordinator</referenced-bean-class>
  </referenced-bean>
  <referenced-bean>
    <referenced-bean-name>projectCoordinator</referenced-bean-name>
    <referenced-bean-class>org.jia.ptrack.domain.MemoryProjectCoordinator</referenced-bean-class>
  </referenced-bean>
  <referenced-bean>
    <description>Manages User objects.</description>
    <referenced-bean-name>userCoordinator</referenced-bean-name>
    <referenced-bean-class>org.jia.ptrack.domain.MemoryUserCoordinator</referenced-bean-class>
  </referenced-bean>
</faces-config>
