<?xml version="1.0"?>

<!DOCTYPE faces-config PUBLIC
  "-//Sun Microsystems, Inc.//DTD JavaServer Faces Config 1.0//EN"
  "http://java.sun.com/dtd/web-facesconfig_1_0.dtd">
<!--
   JavaServer Faces in Action example code, Copyright (C) 2004 Kito D. Mann.

   Licensed under the Apache License, Version 2.0 (the "License");
   you may not use this file except in compliance with the License.
   You may obtain a copy of the License at

       http://www.apache.org/licenses/LICENSE-2.0

   Unless required by applicable law or agreed to in writing, software
   distributed under the License is distributed on an "AS IS" BASIS,
   WITHOUT WARRANTIES OR CONDITIONS OF ANY KIND, either express or implied.
   See the License for the specific language governing permissions and
   limitations under the License.

-->
<faces-config>

  <navigation-rule>
    <description>Navigation from the hello page.</description>
    <from-view-id>/hello.jsp</from-view-id>
    <navigation-case>
      <from-outcome>success</from-outcome>
      <to-view-id>/goodbye.jsp</to-view-id>
    </navigation-case>
  </navigation-rule>

  <managed-bean>
    <description>The one and only HelloBean.</description>
    <managed-bean-name>helloBean</managed-bean-name>
    <managed-bean-class>org.jia.hello.HelloBean
    </managed-bean-class>
    <managed-bean-scope>session</managed-bean-scope>
  </managed-bean>

</faces-config>
