<?xml version="1.0" encoding="UTF-8"?>

<project basedir="." default="rebuild" name="JSF in Action Custom Component Examples">
  <property name="jdk.home" value="C:/Programs/JBuilderX/jdk1.4"/>
  <property name="dest" value="classes.ant"/>
  <property name="Generated.Source" value="${dest}/Temporary_Files"/>
  <property name="Informa.(JIA).home" value="lib/informa-0.4.5"/>
  <property name="JSF.(JIA).home" value="lib/jsf-1.101"/>
  <property name="JSTL.(JIA).home" value="lib/jstl"/>
  <property name="Custom.Components.(JIA).home" value="lib"/>
  <property name="JSP.(JIA).home" value="${Custom.Components.(JIA).home}/jsp"/>
  <property name="Servlet.(JIA).home" value="${Custom.Components.(JIA).home}/servlet"/>
  <property name="JUnit.(JIA).home" value="${Custom.Components.(JIA).home}/junit"/>
  <property name="src" value="src"/>
  <property name="src2" value="test"/>
  <path id="project.class.path">
    <pathelement location="${dest}"/>
    <pathelement location="${JSF.(JIA).home}/commons-beanutils.jar"/>
    <pathelement location="${JSF.(JIA).home}/commons-collections.jar"/>
    <pathelement location="${JSF.(JIA).home}/commons-digester.jar"/>
    <pathelement location="${JSF.(JIA).home}/commons-logging.jar"/>
    <pathelement location="${JSF.(JIA).home}/jsf-api.jar"/>
    <pathelement location="${JSF.(JIA).home}/jsf-impl.jar"/>
    <pathelement location="${JSTL.(JIA).home}/jstl.jar"/>
    <pathelement location="${JSTL.(JIA).home}/standard.jar"/>
    <pathelement location="${Custom.Components.(JIA).home}/jia-custom-components.jar"/>
    <pathelement location="${JSP.(JIA).home}/jsp-api.jar"/>
    <pathelement location="${Servlet.(JIA).home}/servlet-api.jar"/>
    <pathelement location="${JUnit.(JIA).home}/junit.jar"/>
    <pathelement location="${jdk.home}/demo/jfc/Java2D/Java2Demo.jar"/>
    <pathelement location="${jdk.home}/demo/plugin/jfc/Java2D/Java2Demo.jar"/>
    <pathelement location="${jdk.home}/jre/javaws/javaws.jar"/>
    <pathelement location="${jdk.home}/jre/lib/charsets.jar"/>
    <pathelement location="${jdk.home}/jre/lib/ext/dnsns.jar"/>
    <pathelement location="${jdk.home}/jre/lib/ext/ldapsec.jar"/>
    <pathelement location="${jdk.home}/jre/lib/ext/localedata.jar"/>
    <pathelement location="${jdk.home}/jre/lib/ext/sunjce_provider.jar"/>
    <pathelement location="${jdk.home}/jre/lib/im/indicim.jar"/>
    <pathelement location="${jdk.home}/jre/lib/im/thaiim.jar"/>
    <pathelement location="${jdk.home}/jre/lib/jce.jar"/>
    <pathelement location="${jdk.home}/jre/lib/jsse.jar"/>
    <pathelement location="${jdk.home}/jre/lib/plugin.jar"/>
    <pathelement location="${jdk.home}/jre/lib/rt.jar"/>
    <pathelement location="${jdk.home}/jre/lib/sunrsasign.jar"/>
    <pathelement location="${jdk.home}/lib/dt.jar"/>
    <pathelement location="${jdk.home}/lib/htmlconverter.jar"/>
    <pathelement location="${jdk.home}/lib/tools.jar"/>
  </path>
  <!--Patternset to exclude files from the output directory:-->
  <patternset id="dest.exclude">
    <exclude name="Temporary_Files/"/>
    <exclude name="Generated Source/"/>
    <exclude name="package cache/"/>
    <exclude name="dependency cache/"/>
    <exclude name="jsp cache/"/>
  </patternset>
  <patternset id="dest.excluded.classes">
    <exclude name="org\jia\validators\**"/>
    <exclude name="org\jia\converters\**"/>
    <exclude name="org\jia\components\**"/>
    <exclude name="org\jia\internal\**"/>
    <exclude name="org\jia\ptrack\**"/>
    <exclude name="org\jia\smile\**"/>
    <exclude name="org\jia\hello\**"/>
    <exclude name="org\jia\test\**"/>
    <exclude name="old\**"/>
    <exclude name="*.properties"/>
    <exclude name="META-INF\**"/>
  </patternset>
  <target depends="init" name="javacompile">
    <javac bootclasspathref="project.class.path" debug="true" deprecation="true" destdir="${dest}" nowarn="false">
      <patternset refid="dest.excluded.classes"/>
      <src path="${src}"/>
      <src path="${src2}"/>
      <src path="${Generated.Source}"/>
    </javac>
  </target>
  <target depends="resource" name="WebModuleNode">
    <war compress="false" destfile="webapps/jia-custom-components.war" webxml="webapps/custom-components/WEB-INF/web.xml">
      <webinf dir="webapps/custom-components/WEB-INF">
        <include name="demo.tld"/>
      </webinf>
      <fileset dir="webapps/custom-components">
        <include name="images/button_form_clear.png"/>
        <include name="images/button_form_clear_over.png"/>
        <include name="images/button_form_post.png"/>
        <include name="images/button_form_post_over.png"/>
        <include name="images/clear.gif"/>
        <include name="images/clear.png"/>
        <include name="images/clear_over.gif"/>
        <include name="images/create.gif"/>
        <include name="images/hello.gif"/>
        <include name="images/hola.gif"/>
        <include name="images/inbox.gif"/>
        <include name="images/jsf_logo_small.gif"/>
        <include name="images/logo.gif"/>
        <include name="images/logout.gif"/>
        <include name="images/manning_logo.gif"/>
        <include name="images/show_all.gif"/>
        <include name="images/submit.gif"/>
        <include name="images/submit.png"/>
        <include name="images/submit_over.gif"/>
        <include name="RegexpValidator.jsp"/>
        <include name="RolloverButtonDecoratorRenderer.jsp"/>
        <include name="RolloverButtonRenderer.jsp"/>
        <include name="ShowSource.jsp"/>
        <include name="UIDebug.jsp"/>
        <include name="UIHeadlineViewer.jsp"/>
        <include name="UIInputDate.jsp"/>
        <include name="UINavigator.jsp"/>
        <include name="UINavigator_2.jsp"/>
        <include name="UserConverter.jsp"/>
        <include name="headline_viewer.css"/>
        <include name="index.jsp"/>
        <include name="navigator.css"/>
        <include name="stylesheet.css"/>
      </fileset>
      <classes dir="${dest}">
        <patternset refid="dest.exclude"/>
        <include name="**/*.*"/>
      </classes>
      <lib dir="${JSF.(JIA).home}">
        <include name="commons-beanutils.jar"/>
        <include name="commons-collections.jar"/>
        <include name="commons-digester.jar"/>
        <include name="commons-logging.jar"/>
        <include name="jsf-api.jar"/>
        <include name="jsf-impl.jar"/>
      </lib>
      <lib dir="${JSTL.(JIA).home}">
        <include name="jstl.jar"/>
        <include name="standard.jar"/>
      </lib>
      <lib dir="${Custom.Components.(JIA).home}">
        <include name="jia-custom-components.jar"/>
      </lib>
<!--      <lib dir="${JSP.(JIA).home}">
        <include name="jsp-api.jar"/>
      </lib>
      <lib dir="${Servlet.(JIA).home}">
        <include name="servlet-api.jar"/>
      </lib>-->
      <lib dir="${JUnit.(JIA).home}">
        <include name="junit.jar"/>
      </lib>
      <lib dir="${Informa.(JIA).home}">
        <include name="castor-doclet.jar"/>
        <include name="castor.jar"/>
        <include name="cglib-asm.jar"/>
        <include name="commons-beanutils.jar"/>
        <include name="commons-collections.jar"/>
        <include name="commons-lang.jar"/>
        <include name="commons-logging.jar"/>
        <include name="dom4j.jar"/>
        <include name="hibernate2.jar"/>
        <include name="hsqldb.jar"/>
        <include name="informa.jar"/>
        <include name="jdom.jar"/>
        <include name="jta.jar"/>
        <include name="junit.jar"/>
        <include name="log4j.jar"/>
        <include name="lucene.jar"/>
        <include name="odmg.jar"/>
        <include name="xdoclet-hibernate-module.jar"/>
        <include name="xdoclet-xdoclet-module.jar"/>
        <include name="xdoclet.jar"/>
        <include name="xjavadoc.jar"/>
      </lib>
    </war>
  </target>
  <target name="cleanup">
    <delete file="webapps/jia-custom-components.war"/>
    <delete failonerror="false" includeemptydirs="true">
      <fileset dir="${dest}">
	      <patternset refid="dest.excluded.classes"/>
      </fileset>
    </delete>
  </target>
  <target name="resource">
    <copy todir="${dest}">
      <fileset dir="${src}">
        <include name="**/*.tld"/>
        <include name="**/*.au"/>
        <include name="**/*.midi"/>
        <include name="**/*.gif"/>
        <include name="**/*.xml"/>
        <include name="**/*.properties"/>
        <include name="**/*.aiff"/>
        <include name="**/*.jpe"/>
        <include name="**/*.jpeg"/>
        <include name="**/*.rmf"/>
        <include name="**/*.wav"/>
        <include name="**/*.mid"/>
        <include name="**/*.png"/>
        <include name="**/*.jpg"/>
      </fileset>
      <fileset dir="${src2}">
        <include name="**/*.tld"/>
        <include name="**/*.au"/>
        <include name="**/*.midi"/>
        <include name="**/*.gif"/>
        <include name="**/*.xml"/>
        <include name="**/*.properties"/>
        <include name="**/*.aiff"/>
        <include name="**/*.jpe"/>
        <include name="**/*.jpeg"/>
        <include name="**/*.rmf"/>
        <include name="**/*.wav"/>
        <include name="**/*.mid"/>
        <include name="**/*.png"/>
        <include name="**/*.jpg"/>
      </fileset>
    </copy>
  </target>
  <target name="custom-components">
    <ant antfile="build_components.xml" target="make"/>
  </target>
  <target name="javadoc"/>
  <target depends="cleanup" name="clean"/>
  <target name="precompile"/>
  <target depends="custom-components,javacompile" name="compile"/>
  <target name="postcompile"/>
  <target depends="WebModuleNode,javadoc,resource" name="package"/>
  <target name="deploy"/>
  <target depends="precompile,compile,postcompile,package,deploy" name="make"/>
  <target depends="clean,make" name="rebuild"/>
  <target name="init">
    <mkdir dir="${dest}"/>
    <mkdir dir="${Generated.Source}"/>
  </target>
</project>
