<?xml version="1.0" encoding="UTF-8"?>

<project basedir="." default="rebuild" name="JSF in Action - ProjectTrack">
  <property name="jdk.home" value="C:/Programs/JBuilderX/jdk1.4"/>
  <property name="dest" value="classes.ant"/>
  <property name="Generated.Source" value="${dest}/Temporary_Files"/>
  <property name="JUnit.(JIA).home" value="lib/junit"/>
  <property name="Servlet.(JIA).home" value="lib/servlet"/>
  <property name="JSTL.(JIA).home" value="lib/jstl"/>
  <property name="JSF.(JIA).home" value="lib/jsf-1.101"/>
  <property name="Custom.Components.(JIA).home" value="lib"/>
  <property name="Hypersonic.(JIA).home" value="lib/hypersonic-1.7.2"/>
  <property name="src" value="src"/>
  <property name="src2" value="test"/>
  <path id="project.class.path">
    <pathelement location="${dest}"/>
    <pathelement location="${JUnit.(JIA).home}/junit.jar"/>
    <pathelement location="${Servlet.(JIA).home}/servlet-api.jar"/>
    <pathelement location="${JSTL.(JIA).home}/jstl.jar"/>
    <pathelement location="${JSTL.(JIA).home}/standard.jar"/>
    <pathelement location="${JSF.(JIA).home}/commons-beanutils.jar"/>
    <pathelement location="${JSF.(JIA).home}/commons-collections.jar"/>
    <pathelement location="${JSF.(JIA).home}/commons-digester.jar"/>
    <pathelement location="${JSF.(JIA).home}/commons-logging.jar"/>
    <pathelement location="${JSF.(JIA).home}/jsf-api.jar"/>
    <pathelement location="${JSF.(JIA).home}/jsf-impl.jar"/>
    <pathelement location="${Custom.Components.(JIA).home}/jia-components.jar"/>
    <pathelement location="${Hypersonic.(JIA).home}/hsqldb.jar"/>
    <pathelement location="${jdk.home}/demo/jfc/Java2D/Java2Demo.jar"/>
    <pathelement location="${jdk.home}/demo/plugin/jfc/Java2D/Java2Demo.jar"/>
    <pathelement location="${jdk.home}/jre/javaws/javaws.jar"/>
    <pathelement location="${jdk.home}/jre/lib/charsets.jar"/>
    <pathelement location="${jdk.home}/jre/lib/ext/dnsns.jar"/>
    <pathelement location="${jdk.home}/jre/lib/ext/ldapsec.jar"/>
    <pathelement location="${jdk.home}/jre/lib/ext/localedata.jar"/>
    <pathelement location="${jdk.home}/jre/lib/ext/sunjce_provider.jar"/>
    <pathelement location="${jdk.home}/jre/lib/im/indicim.jar"/>
    <pathelement location="${jdk.home}/jre/lib/im/thaiim.jar"/>
    <pathelement location="${jdk.home}/jre/lib/jce.jar"/>
    <pathelement location="${jdk.home}/jre/lib/jsse.jar"/>
    <pathelement location="${jdk.home}/jre/lib/plugin.jar"/>
    <pathelement location="${jdk.home}/jre/lib/rt.jar"/>
    <pathelement location="${jdk.home}/jre/lib/sunrsasign.jar"/>
    <pathelement location="${jdk.home}/lib/dt.jar"/>
    <pathelement location="${jdk.home}/lib/htmlconverter.jar"/>
    <pathelement location="${jdk.home}/lib/tools.jar"/>
  </path>
  <!--Patternset to exclude files from the output directory:-->
  <patternset id="dest.exclude">
    <exclude name="Temporary_Files/"/>
    <exclude name="Generated Source/"/>
    <exclude name="package cache/"/>
    <exclude name="dependency cache/"/>
  </patternset>
  <patternset id="dest.excluded.classes">
    <exclude name="org\jia\examples\**"/>
    <exclude name="org\jia\internal\**"/>
    <exclude name="org\jia\converters\**"/>
    <exclude name="org\jia\validators\**"/>
    <exclude name="org\jia\components\**"/>
    <exclude name="org\jia\smile\**"/>
    <exclude name="org\jia\hello\**"/>
    <exclude name="old\**"/>
    <exclude name="CustomComponentResources*"/>
    <exclude name="StandardComponentsResources*"/>
    <exclude name="LocalizationResources*"/>
    <exclude name="CustomMessages*"/>
    <exclude name="META-INF\**"/>
  </patternset>
  <target depends="init" name="javacompile">
    <javac bootclasspathref="project.class.path" debug="true" deprecation="true" destdir="${dest}" nowarn="false">
      <patternset refid="dest.excluded.classes"/>
      <src path="${src}"/>
      <src path="${src2}"/>
      <src path="${Generated.Source}"/>
    </javac>
  </target>
  <target depends="resource" name="WebModuleNode">
    <war compress="false" destfile="webapps/jia-ptrack.war" webxml="webapps/ptrack/WEB-INF/web.xml">
      <webinf dir="webapps/ptrack/WEB-INF">
        <include name="DATASET.properties"/>
        <include name="DATASET.script"/>
        <include name="faces-config.xml"/>
      </webinf>
       <fileset dir="webapps/ptrack">
        <include name="general/details.jsp"/>
        <include name="general/header.jsp"/>
        <include name="general/header_original.jsp"/>
        <include name="general/show_all.jsp"/>
        <include name="images/clear.gif"/>
        <include name="images/clear_over.gif"/>
        <include name="images/create.gif"/>
        <include name="images/hello.gif"/>
        <include name="images/hola.gif"/>
        <include name="images/inbox.gif"/>
        <include name="images/logo.gif"/>
        <include name="images/logout.gif"/>
        <include name="images/show_all.gif"/>
        <include name="images/submit.gif"/>
        <include name="images/submit_over.gif"/>
        <include name="images/submit_over_ru.gif"/>
        <include name="images/submit_ru.gif"/>
        <include name="includes/header.jsp"/>
        <include name="includes/project_artifacts.jsp"/>
        <include name="includes/project_comments.jsp"/>
        <include name="includes/project_info.jsp"/>
        <include name="protected/edit/create.jsp"/>
        <include name="protected/approve.jsp"/>
        <include name="protected/inbox.jsp"/>
        <include name="protected/inbox_resultset.jsp"/>
        <include name="protected/project_artifacts.jsp"/>
        <include name="protected/project_comments.jsp"/>
        <include name="protected/project_info.jsp"/>
        <include name="protected/reject.jsp"/>
        <include name="error.jsp"/>
        <include name="login.jsp"/>
        <include name="stylesheet.css"/>
      </fileset>
      <classes dir="${dest}">
        <patternset refid="dest.exclude"/>
        <patternset refid="dest.excluded.classes"/>
        <include name="**/*.*"/>
      </classes>
      <lib dir="${JUnit.(JIA).home}">
        <include name="junit.jar"/>
      </lib>
<!--      <lib dir="${Servlet.(JIA).home}">
        <include name="servlet-api.jar"/>
      </lib> -->
      <lib dir="${JSTL.(JIA).home}">
        <include name="jstl.jar"/>
        <include name="standard.jar"/>
      </lib>
      <lib dir="${JSF.(JIA).home}">
        <include name="commons-beanutils.jar"/>
        <include name="commons-collections.jar"/>
        <include name="commons-digester.jar"/>
        <include name="commons-logging.jar"/>
        <include name="jsf-api.jar"/>
        <include name="jsf-impl.jar"/>
      </lib>
      <lib dir="${Custom.Components.(JIA).home}">
        <include name="jia-custom-components.jar"/>
      </lib>
      <lib dir="${Hypersonic.(JIA).home}">
        <include name="hsqldb.jar"/>
      </lib>
    </war>
  </target>
  <target name="cleanup">
    <delete file="webapps/jia-ptrack.war"/>
    <delete failonerror="false" includeemptydirs="true">
      <fileset dir="${dest}">
        <patternset refid="dest.excluded.classes"/>
      </fileset>
    </delete>
  </target>
  <target name="resource">
    <copy todir="${dest}">
      <fileset dir="${src}">
        <include name="**/*.au"/>
        <include name="**/*.midi"/>
        <include name="**/*.gif"/>
        <include name="**/*.xml"/>
        <include name="**/*.properties"/>
        <include name="**/*.aiff"/>
        <include name="**/*.jpe"/>
        <include name="**/*.jpeg"/>
        <include name="**/*.rmf"/>
        <include name="**/*.wav"/>
        <include name="**/*.mid"/>
        <include name="**/*.png"/>
        <include name="**/*.jpg"/>
      </fileset>
      <fileset dir="${src2}">
        <include name="**/*.au"/>
        <include name="**/*.midi"/>
        <include name="**/*.gif"/>
        <include name="**/*.xml"/>
        <include name="**/*.properties"/>
        <include name="**/*.aiff"/>
        <include name="**/*.jpe"/>
        <include name="**/*.jpeg"/>
        <include name="**/*.rmf"/>
        <include name="**/*.wav"/>
        <include name="**/*.mid"/>
        <include name="**/*.png"/>
        <include name="**/*.jpg"/>
      </fileset>
    </copy>
  </target>
  <target name="custom-components">
    <ant antfile="build_components.xml" target="make"/>
  </target>
  <target name="javadoc"/>
  <target depends="cleanup" name="clean"/>
  <target name="precompile"/>
  <target depends="custom-components,javacompile" name="compile"/>
  <target name="postcompile"/>
  <target depends="WebModuleNode,javadoc,resource" name="package"/>
  <target name="deploy"/>
  <target depends="precompile,compile,postcompile,package,deploy" name="make"/>
  <target depends="clean,make" name="rebuild"/>
  <target name="init">
    <mkdir dir="${dest}"/>
    <mkdir dir="${Generated.Source}"/>
  </target>
</project>
